<?xml version="1.0" encoding="UTF-8"?>
<project-private xmlns="http://www.netbeans.org/ns/project-private/1">
    <editor-bookmarks xmlns="http://www.netbeans.org/ns/editor-bookmarks/2" lastBookmarkId="0"/>
    <open-files xmlns="http://www.netbeans.org/ns/projectui-open-files/2">
        <group>
            <file>file:/E:/xampp%205.6.30/htdocs/laravel5.1-company/laravel5.1/app/Http/Controllers/IndexController.php</file>
            <file>file:/E:/xampp%205.6.30/htdocs/laravel5.1-company/laravel5.1/app/Http/Kernel.php</file>
            <file>file:/E:/xampp%205.6.30/htdocs/laravel5.1-company/laravel5.1/app/Http/Middleware/IsLoginMiddleware.php</file>
            <file>file:/E:/xampp%205.6.30/htdocs/laravel5.1-company/laravel5.1/app/Http/Controllers/PublicController.php</file>
            <file>file:/E:/xampp%205.6.30/htdocs/laravel5.1-company/laravel5.1/app/Http/routes.php</file>
            <file>file:/E:/xampp%205.6.30/htdocs/laravel5.1-company/laravel5.1/app/Http/Controllers/CommonController.php</file>
        </group>
    </open-files>
</project-private>
